Distance,LG,LL,LLG,LLL,Ia,Ib,Ic,Va,Vb,Vc
75,0,1,0,0,723.43,1018.4,905.49,36365,34814,35453
50,1,0,0,0,220.73,67.986,65.671,6827.5,7624.9,7771.8
75,0,0,1,0,728.98,1017.6,976.33,36329,34785,35022
65,0,0,1,0,725.83,770.56,774.57,36351,36143,36130
15,1,0,0,0,2755.9,701.64,716.96,25578,36492,36385
55,0,1,0,0,723.38,786.91,865.58,36364,36189,35634
90,0,1,0,0,67.549,76.65,74.373,7707,7610.2,7648
85,1,0,0,0,842.03,722.05,734.94,35722,36365,36307
40,0,1,0,0,67.55,305.42,272.5,7707.4,5312.8,7372
80,1,0,0,0,155.8,62.216,72.869,7302.3,7723.3,7677.3
75,0,0,1,0,728.88,1019.5,975.22,36330,34775,35031
35,1,0,0,0,1161.9,718.95,729.95,34412,36389,36325
10,0,0,1,0,65.066,132.3,136.52,7758.6,7057,6986.6
90,0,0,0,1,177.19,177.19,177.19,7210.9,7210.9,7210.9
70,0,0,1,0,67.933,92.026,93.494,7707.9,7456.5,7426.2
10,0,1,0,0,67.554,97.675,115.25,7706.9,7459.7,7207.8
45,1,0,0,0,898.76,723.01,727.01,35605,36362,36349
85,0,1,0,0,723.38,746.65,751.76,36365,36256,36210
40,0,0,1,0,66.339,128.07,138.12,7733.5,7086.2,6937.1
75,1,0,0,0,908.2,721.38,734.77,35379,36372,36303
75,0,1,0,0,723.43,905.96,896.2,36365,35494,35422
80,0,0,1,0,68.336,86.403,86.554,7702.2,7516.5,7505.7
40,0,0,1,0,65.604,230.03,260.48,7722.2,6104.9,5901.4
30,1,0,0,0,314.9,70.965,60.999,6008.8,7553.6,7860.9
55,1,0,0,0,1099,719.09,733.72,34402,36381,36311
90,0,1,0,0,67.549,125.56,106.91,7707,7111.2,7524
35,0,1,0,0,723.42,989.04,1176.1,36365,35827,34045
80,0,0,0,1,195.44,195.44,195.44,7046.2,7046.2,7046.2
90,1,0,0,0,84.899,67.369,69.471,7536,7706.8,7691.9
25,0,0,0,1,2433.4,2433.4,2433.4,27292,27291,27290
25,0,1,0,0,723.39,743.12,875.43,36365,36492,35650
15,0,0,1,0,699.89,3107.9,3128.9,36483,23945,23835
80,0,0,0,1,151.59,151.59,151.59,6956,6956,6956
10,0,0,0,1,481.85,481.85,481.85,3385.9,3386,3385.9
65,0,0,1,0,726.51,786.24,793.09,36347,36070,36041
45,0,0,1,0,725.43,1262.9,1361.6,36349,33772,33036
35,0,1,0,0,723.42,745.17,846.45,36365,36411,35772
60,0,1,0,0,67.551,183.32,168.95,7707.1,6494.3,7087.9
25,0,1,0,0,723.39,765.12,928.24,36365,36495,35399
25,1,0,0,0,1993.5,707.95,725.19,29617,36450,36346
60,1,0,0,0,141.35,66.876,68.011,6957.2,7690.4,7734.4
15,0,1,0,0,723.37,839.43,1102.7,36364,36666,34629
75,0,0,1,0,730.88,925.87,941.58,36322,35319,35187
65,1,0,0,0,771.8,724.42,724.85,36140,36357,36362
20,0,0,1,0,62.631,362.49,410.78,7759.8,4781.3,4482.9
30,1,0,0,0,196.83,67.031,65.071,6330.7,7675.9,7795.3
50,0,0,0,1,106.09,106.09,106.09,7300.3,7300.1,7300.2
90,0,0,1,0,69.784,168.58,159.11,7685.4,7064.7,7468.7
70,0,1,0,0,67.55,86.657,88.248,7707,7503.9,7509.8
25,0,0,1,0,717.47,1718,1929,36390,32055,30416
25,0,1,0,0,723.39,1594.8,1770.1,36365,33945,30804
85,0,0,1,0,732.04,858.31,857.54,36315,35647,35632
80,0,0,0,1,95.521,95.521,95.521,7421.3,7421.2,7421.3
80,0,0,0,1,173.25,173.25,173.25,6891.4,6891.3,6891.4
55,0,0,0,1,1283.1,1283.1,1283.1,33403,33404,33399
85,0,0,1,0,727.66,769.47,771.12,36342,36130,36115
30,0,0,0,1,106.87,106.87,106.87,7295.7,7295.6,7295.6
85,0,0,1,0,732.04,891.04,877.99,36313,35461,35517
75,0,1,0,0,723.43,1015.9,907.22,36365,34830,35439
40,0,1,0,0,67.55,268.8,250.02,7707.4,5601.6,6815.9
85,0,1,0,0,723.38,740.77,745.33,36365,36283,36246
35,1,0,0,0,1536.3,712.47,731.51,32085,36426,36311
55,0,0,0,1,859,859,859,35761,35762,35760
20,1,0,0,0,403.16,72.695,57.189,5206.7,7503.9,7942.7
35,1,0,0,0,1438.5,714.47,731.85,32745,36414,36312
60,0,1,0,0,67.551,102.45,105.88,7707.1,7349.3,7342.8
10,0,0,0,1,117.02,117.02,117.02,7206.5,7206.5,7206.5
10,0,0,1,0,58.797,558.8,604.67,7815.2,3046.8,3254.9
10,0,1,0,0,67.554,202.68,223.83,7706.9,6738.1,6114.7
70,1,0,0,0,171.74,64.535,69.737,7200.6,7686.5,7713.6
75,0,1,0,0,723.43,743.45,759.74,36365,36283,36173
40,1,0,0,0,176.22,67.128,66.017,6567.2,7677.7,7774
20,1,0,0,0,357.84,70.011,59.147,4974.3,7569.2,7922.2
40,0,0,1,0,65.8,168.35,190.66,7736,6683.1,6387.6
90,0,1,0,0,67.549,79.503,76.438,7707,7580.2,7631.8
55,1,0,0,0,787.06,724.09,724.97,36084,36359,36357
35,0,0,0,1,1786.6,1786.6,1786.6,30852,30850,30853
15,1,0,0,0,1062.9,716.91,729.07,35322,36396,36333
85,0,0,0,1,924.24,924.25,924.25,35282,35280,35281
65,1,0,0,0,1036.6,714.77,737.41,34680,36402,36294
65,0,0,0,1,790.89,790.87,790.88,36051,36052,36050
45,1,0,0,0,835.79,723.41,725.8,35892,36361,36355
45,1,0,0,0,1333.6,713.1,733.12,33108,36412,36313
20,0,1,0,0,67.553,357.48,351.3,7706.9,4849,5848.3
35,0,1,0,0,723.42,1750.7,1641.1,36365,31356,32119
10,0,0,1,0,58.888,566.58,611.29,7812,3025,3327.9
45,0,1,0,0,723.35,930.2,1064.4,36366,35792,34588
55,0,0,0,1,787.55,787.54,787.55,36085,36085,36084
45,0,0,1,0,722.75,1505.5,1474.2,36363,32222,32459
60,0,0,1,0,67.53,97.838,100.73,7714,7395,7344.3
55,0,0,1,0,725.62,784.29,790.15,36352,36100,36069
70,0,1,0,0,67.55,120.97,117.25,7707,7149.2,7294.2
90,0,0,0,1,87.079,87.078,87.079,7515.6,7515.6,7515.6
50,0,0,0,1,165.35,165.35,165.35,6688.9,6688.8,6688.9
35,0,0,1,0,718.9,1808.7,1785.6,36384,30653,30844
30,0,1,0,0,67.552,259.57,256.25,7707,5808,6281.5
85,0,0,0,1,810.51,810.51,810.51,35907,35906,35907
75,0,0,0,1,1031.2,1031.3,1031.3,34715,34711,34719
40,0,0,0,1,133.56,133.56,133.56,7015.2,7014.8,7015
30,0,0,1,0,64.444,261.8,300.91,7740.5,5760.9,5396.4
90,0,0,1,0,71.021,124.9,123.29,7674.9,7201.8,7269.4
75,0,1,0,0,723.43,767.17,790.93,36365,36182,36005
15,0,1,0,0,723.37,2463.2,2596.9,36364,31151,26488
50,0,0,1,0,66.364,232.89,249.5,7702.6,6204.6,6395.9
40,0,0,1,0,65.744,265.7,290.47,7709.4,5854.3,5985.5
75,0,0,1,0,727.81,790.77,797.64,36342,36040,35989
80,0,1,0,0,67.55,143.81,126.77,7707,6911.6,7382.9
40,0,0,1,0,66.664,110.35,115.63,7728.4,7265,7180.7
80,0,0,1,0,68.214,162.38,164.55,7694.8,6910.9,7080.9
15,0,0,0,1,919.86,919.86,919.86,35803,35802,35804
80,0,0,1,0,68.178,82.103,82.041,7703.2,7559.2,7552.7
55,0,0,1,0,725.31,1297.1,1256.1,36348,33309,33589
85,0,0,0,1,902.18,902.19,902.18,35392,35391,35392
50,0,0,0,1,284.26,284.26,284.26,6359.4,6359.3,6359.4
20,0,0,0,1,126.59,126.59,126.59,7102,7102,7102
20,0,1,0,0,67.553,292.38,296.08,7706.9,5647.7,5805.5
30,0,0,1,0,65.285,359.62,377.27,7699.7,5257.6,5962.8
15,0,0,0,1,3337.6,3337.6,3337.6,22498,22498,22499
70,0,1,0,0,67.55,211.84,172.3,7707,6370.9,7768
15,1,0,0,0,1461,710.93,732.03,33792,36427,36315
75,1,0,0,0,842.79,724.45,729.6,35753,36358,36331
40,1,0,0,0,246.07,68.604,64.099,6263.8,7614.8,7810.9
50,0,0,1,0,66.932,118.79,126.9,7723.5,7181.7,7060.3
20,0,0,1,0,63.527,439.99,472.89,7725.1,4416.9,5044.9
15,0,0,1,0,722.29,1040.6,1072.8,36365,35419,35333
25,1,0,0,0,895.12,720.92,726.67,35763,36375,36347
55,0,1,0,0,723.38,758.27,820.83,36364,36281,35870
80,0,1,0,0,67.55,192.62,151.97,7707,6581.1,7830.7
60,0,0,0,1,113.8,113.8,113.8,7221.8,7221.7,7221.7
20,0,1,0,0,67.553,106.45,122.43,7706.9,7375.1,7138.9
45,0,1,0,0,723.35,1468,1356,36366,32652,33379
25,0,0,0,1,1900,1900,1900,30984,30984,30983
80,1,0,0,0,111.55,66.664,70.085,7274.5,7705.5,7697.1
60,0,1,0,0,67.551,210.37,185.97,7707.1,6228.8,7249.7
55,0,1,0,0,723.38,746.07,797.1,36364,36316,35993
15,0,0,1,0,709.93,2111.4,2397.7,36426,30951,28856
80,0,1,0,0,67.55,109.39,103.22,7707,7265.8,7425
85,1,0,0,0,746.92,724.34,724.85,36244,36359,36358
25,0,0,0,1,839.43,839.43,839.43,35976,35976,35976
40,1,0,0,0,226.75,67.927,64.719,6229,7637.8,7803.8
50,0,0,1,0,66.364,203.74,226.56,7712,6387.6,6285.1
25,1,0,0,0,1003,719.53,727.99,35351,36382,36340
20,0,0,1,0,63.477,207.84,233.67,7779.2,6286.5,5909.1
60,0,0,0,1,99.52,99.52,99.52,7369.9,7369.9,7369.9
55,0,1,0,0,723.38,1073,1112,36364,34890,34279
45,1,0,0,0,1334,713,733.07,33107,36412,36313
20,0,0,0,1,223.08,223.08,223.08,6100.9,6100.9,6100.9
80,1,0,0,0,136.44,65.087,71.755,7126.2,7710.1,7687.9
65,0,1,0,0,723.34,754.94,793.66,36365,36254,36005
25,0,0,0,1,1311.5,1311.5,1311.5,34177,34177,34177
50,0,0,0,1,258.06,258.06,258.06,6088.7,6088.6,6088.7
25,0,0,1,0,714.83,2016.4,2171.4,36404,30154,28727
35,0,0,0,1,1911.1,1911.1,1911.1,30053,30051,30053
25,0,1,0,0,723.39,2190.1,2085,36365,29425,30208
20,0,0,0,1,407.37,407.37,407.37,4321.8,4321.9,4321.8
20,0,0,0,1,487.69,487.69,487.69,4358.9,4358.9,4358.9
20,0,1,0,0,67.553,128.97,146.11,7706.9,7202.6,6900.9
80,1,0,0,0,81.672,67.466,68.284,7558.9,7705.5,7704.6
30,0,0,0,1,295.25,295.25,295.25,5384.8,5384.6,5384.8
65,1,0,0,0,1036.6,714.6,737.44,34680,36403,36293
85,0,0,1,0,730.8,922.65,880.35,36318,35281,35522
35,0,0,1,0,724.96,853.88,869.99,36355,35873,35798
50,0,1,0,0,67.551,236.86,214.65,7707,5940.6,7072.2
80,0,1,0,0,67.55,166.34,140.12,7707,6705.9,7481
90,0,0,0,1,101.86,101.86,101.86,7382.5,7382.5,7382.5
40,0,1,0,0,67.55,98.532,108.03,7707.4,7407.2,7298.3
65,1,0,0,0,898.13,723.86,729.77,35490,36356,36337
60,0,1,0,0,67.551,84.465,88.366,7707.1,7528.3,7501.4
30,1,0,0,0,144.2,66.834,66.336,6882.5,7698.5,7757.6
10,1,0,0,0,542.06,73.471,51.95,3557.6,7470.8,8079.6
30,0,0,0,1,119.69,119.69,119.69,7164.2,7164.1,7164.2
75,0,1,0,0,723.43,751.14,770.75,36365,36251,36114
40,0,0,0,1,297.19,297.19,297.19,5665,5664.6,5665
75,1,0,0,0,932.01,718.58,737.33,35238,36387,36288
50,0,0,1,0,67.215,95.61,98.118,7718.3,7415.5,7370.2
40,0,1,0,0,67.55,115.63,125.17,7707.4,7251.7,7136.2
30,0,1,0,0,67.552,102.54,115.14,7707,7386.4,7219.9
45,0,1,0,0,723.35,1197.5,1270,36366,34533,33443
35,0,0,1,0,725.2,926.02,963.66,36354,35589,35406
40,0,1,0,0,67.55,303.75,271.67,7707.4,5317.5,7331.3
90,0,0,0,1,81.166,81.166,81.166,7572.1,7572.1,7572.1
85,0,0,1,0,730.03,803.33,806.72,36328,35950,35920
55,0,0,1,0,726.2,805.46,815.93,36349,36006,35951
70,0,0,0,1,219.52,219.52,219.52,6891.1,6891.1,6891.1
65,0,1,0,0,723.34,1056.4,1020,36365,34748,34799
65,1,0,0,0,821.07,724.67,726.61,35898,36354,36353
35,1,0,0,0,947.73,721.53,727.38,35461,36375,36341
20,0,1,0,0,67.553,95.226,109.63,7706.9,7460.8,7269.6
20,0,0,1,0,63.455,435.63,470.06,7727.4,4417.1,4982.1
60,1,0,0,0,192.55,66.398,67.595,7028,7655.7,7742.6
85,0,0,1,0,730.67,924.02,879.36,36318,35274,35530
35,0,0,0,1,1914.2,1914.2,1914.2,30042,30039,30042
70,0,0,1,0,68.028,125.06,133.01,7706.1,7136.8,7038.3
55,0,0,0,1,1341,1341,1341,33077,33078,33072
40,1,0,0,0,113.35,67.101,67.101,7211.6,7702.7,7734.2
50,1,0,0,0,106.13,67.215,67.445,7290.3,7702.4,7726.4
20,1,0,0,0,401.01,72.53,57.279,5176.3,7507.7,7942.3
70,1,0,0,0,165.54,65.132,69.865,7008.2,7688.6,7716.7
70,1,0,0,0,102.87,67.2,68.435,7336.3,7702.5,7712.7
50,0,0,0,1,227.25,227.25,227.25,6170,6169.8,6169.9
45,0,0,0,1,803.27,803.27,803.27,36040,36039,36040
15,0,0,1,0,723.28,860.18,863.8,36362,35953,35958
65,0,0,0,1,1166.1,1166.1,1166.1,34004,34007,33994
20,0,1,0,0,67.553,430.36,409.61,7706.9,3918.6,6508.2
65,0,0,1,0,727.33,1137.5,1098.2,36337,34141,34401
85,0,0,0,1,870.48,870.49,870.48,35572,35571,35571
90,0,1,0,0,67.549,174.61,134.15,7707,6758.9,7850.6
10,1,0,0,0,118.76,66.559,66.651,7164.2,7712.3,7742.9
30,0,0,1,0,64.682,307.31,343.07,7724.2,5397.3,5384.1
35,0,0,0,1,820.6,820.6,820.6,36002,36002,36000
40,0,0,1,0,66.072,303.76,310.91,7692.4,5818,6508.1
10,0,1,0,0,67.554,533.65,524.12,7706.9,3184.5,5547.5
45,0,1,0,0,723.35,1344.4,1343,36366,33613,33136
90,1,0,0,0,79.732,67.479,68.86,7585.3,7706.4,7696.7
65,0,0,0,1,1057.5,1057.5,1057.5,34627,34630,34619
60,0,1,0,0,67.551,234.5,197.28,7707.1,6104.9,7650.3
50,0,0,0,1,96.785,96.784,96.784,7397.5,7397.4,7397.5
55,0,0,1,0,728.23,949.6,1003.9,36336,35323,34994
45,0,0,1,0,726.72,1023.7,1102.9,36344,35052,34585
85,1,0,0,0,867.54,714.25,741.81,35575,36404,36267
75,0,0,0,1,1000.2,1000.2,1000.2,34877,34873,34880
75,0,0,1,0,730.35,973.87,972.06,36323,35042,35016
40,0,0,1,0,66.859,100.48,103.65,7724.7,7364.9,7310.3
60,0,0,0,1,148.17,148.17,148.17,6875.9,6875.9,6875.9
85,1,0,0,0,767.59,724.74,726.44,36136,36355,36350
35,0,0,1,0,718.8,1815.4,1784,36385,30607,30873
80,0,0,0,1,116.44,116.44,116.44,7221.5,7221.5,7221.5
60,1,0,0,0,99.142,67.292,67.803,7367.7,7703,7718.7
15,1,0,0,0,2750.4,701.3,717.57,25603,36494,36381
90,0,0,1,0,69.661,170.31,160.14,7686.5,7070.2,7494.6
90,1,0,0,0,130.77,63.307,76.169,7269.9,7739.3,7634.8
35,0,0,0,1,1183.1,1183.1,1183.1,34462,34462,34462
90,0,0,1,0,70.15,100.41,99.109,7683.4,7395.2,7411.7
25,0,0,0,1,2214.8,2214.8,2214.8,28805,28805,28804
75,1,0,0,0,941.76,714.87,739.31,35183,36406,36275
20,1,0,0,0,113.4,66.823,66.802,7213.6,7708.5,7738.2
10,0,0,1,0,61.784,233.22,253.02,7815.9,6059.9,5756.7
90,0,0,0,1,128.88,128.88,128.87,7187.1,7187,7187.1
90,0,0,0,1,175.51,175.51,175.51,7193.3,7193.3,7193.3
75,0,0,1,0,726.62,769.74,773.31,36348,36144,36114
65,0,1,0,0,723.34,745.19,776.91,36365,36289,36093
65,1,0,0,0,991.7,720.42,734.38,34948,36372,36312
80,0,0,0,1,87.021,87.02,87.02,7506.6,7506.6,7506.6
85,0,0,0,1,772.89,772.89,772.89,36109,36109,36109
65,0,0,1,0,727.24,1140,1096.9,36337,34127,34413
50,0,0,0,1,123.51,123.51,123.51,7118.5,7118.3,7118.4
35,0,1,0,0,723.42,1364.7,1480.9,36365,34178,32326
55,1,0,0,0,810.55,724.14,725.57,35976,36358,36354
55,0,1,0,0,723.38,1271.6,1158.5,36364,33579,34272
60,1,0,0,0,91.744,67.357,67.751,7445.6,7704.3,7715.9
70,0,0,1,0,67.635,161.17,171.93,7701.6,6833.5,6824.5
75,1,0,0,0,791.6,724.9,726.48,36026,36357,36347
15,0,0,0,1,3325.9,3325.9,3325.9,22555,22554,22555
10,0,1,0,0,67.554,327.83,340.89,7706.9,5673.9,5186.2
45,0,1,0,0,723.35,761.16,852.32,36366,36324,35725
45,0,0,0,1,1494.3,1494.3,1494.3,32319,32320,32315
60,0,0,1,0,66.966,181.2,197.63,7706.2,6625.9,6582.2
40,0,0,0,1,183.58,183.58,183.58,6492.6,6492.2,6492.4
15,0,1,0,0,723.37,1918.7,2177.5,36364,34181,28752
90,0,0,1,0,69.209,86.572,85.488,7692.1,7521.5,7529.7
25,0,0,1,0,712.33,2289.5,2269,36418,28133,28378
90,1,0,0,0,144.39,59.741,78.523,7381.9,7769.4,7613.1
45,0,0,1,0,725.66,827.85,841.73,36352,35935,35872
80,0,0,1,0,67.276,185.66,177.55,7697.6,6909,7373.6
60,0,0,0,1,199.78,199.78,199.78,6466.1,6466,6466
20,1,0,0,0,155.56,66.509,65.933,6768,7702.5,7768.2
80,1,0,0,0,156.02,62.121,72.866,7317.4,7723.8,7677.1
25,1,0,0,0,1296.7,715.68,730.46,34022,36402,36325
30,0,0,0,1,396.68,396.68,396.68,5319.5,5319.4,5319.5
25,0,0,1,0,712.44,2279,2270.4,36417,28213,28333
55,0,0,0,1,1190.6,1190.6,1190.6,33975,33976,33971
35,0,0,0,1,943.91,943.91,943.91,35525,35525,35524
55,0,1,0,0,723.38,1179.2,1157.9,36364,34244,34088
75,0,0,0,1,796.82,796.84,796.83,36002,36001,36003
20,0,0,1,0,66.067,110.97,114.33,7738.8,7260.7,7202.9
65,1,0,0,0,788.64,724.58,725.43,36058,36355,36359
80,0,0,0,1,196.49,196.49,196.49,7067.8,7067.8,7067.8
55,0,1,0,0,723.38,882.57,972.54,36364,35824,35049
30,1,0,0,0,263.76,68.346,62.946,5793.8,7623.6,7842
55,0,0,0,1,987.63,987.63,987.63,35126,35126,35123
65,0,0,0,1,825.31,825.3,825.31,35885,35887,35883
30,0,0,0,1,202.9,202.9,202.9,6291.6,6291.4,6291.5
30,0,0,1,0,66.176,117.2,123.02,7736.8,7196.2,7104
85,0,1,0,0,723.38,789.88,789.38,36365,36045,35998
90,0,1,0,0,67.549,145.83,118.95,7707,6929.3,7585.7
35,0,0,0,1,1590.3,1590.3,1590.3,32166,32164,32166
30,0,0,1,0,65.67,138.21,149.31,7745.1,6984.6,6819.3
25,0,1,0,0,723.39,2180.3,2085.7,36365,29542,30124
20,1,0,0,0,128.18,66.679,66.518,7058.4,7707.2,7748.5
55,0,1,0,0,723.38,1267.9,1160.4,36364,33609,34248
45,0,0,0,1,898.46,898.46,898.46,35637,35637,35637
70,0,0,0,1,198.37,198.37,198.37,6668.7,6668.6,6668.7
70,1,0,0,0,86.62,67.415,68.019,7503.1,7704.8,7710.2
15,0,1,0,0,723.37,2943.4,2861.9,36364,26546,26825
35,0,0,1,0,720.63,1646,1740,36375,31790,30957
60,1,0,0,0,192.69,66.401,67.579,7043.4,7655.3,7742.3
60,0,0,0,1,247.15,247.15,247.15,6638.2,6638.2,6638.2
15,0,1,0,0,723.37,2960.5,2864.6,36364,26297,26998
50,0,0,0,1,283.23,283.23,283.23,6331.9,6331.8,6331.9
15,1,0,0,0,864.54,720.21,726.55,35941,36379,36348
75,0,0,0,1,760.8,760.81,760.8,36183,36183,36182
80,0,0,0,1,82.459,82.459,82.459,7553,7553,7553
55,0,0,1,0,727.73,1120.6,1184.2,36337,34398,33933
10,0,0,0,1,164.59,164.59,164.59,6744.6,6744.6,6744.6
10,1,0,0,0,135.46,66.331,66.328,6993.9,7712.3,7754.6
50,1,0,0,0,197.77,67.282,66.358,6544.4,7654.8,7772.1
25,0,0,1,0,724.02,837.86,845.01,36359,35973,35952
25,0,0,0,1,888.97,888.96,888.97,35812,35812,35812
35,0,0,1,0,724.72,817.77,825.88,36357,36011,35973
60,0,0,0,1,225.92,225.92,225.92,6411.4,6411.3,6411.4
45,0,0,0,1,1362.7,1362.7,1362.7,33165,33166,33162
40,0,0,0,1,258.68,258.68,258.68,5814.3,5813.9,5814.2
75,0,0,0,1,952.95,952.98,952.96,35150,35147,35153
65,0,1,0,0,723.34,844.5,897.62,36365,35884,35438
50,0,1,0,0,67.551,94.504,101.17,7707,7435.1,7372.7
90,0,1,0,0,67.549,176.48,135.01,7707,6754.9,7878.2
15,0,0,0,1,1461.8,1461.8,1461.8,34049,34048,34050
30,0,0,1,0,65.242,356.89,376,7701.2,5250.3,5912.9
90,1,0,0,0,145.06,59.466,78.641,7396.7,7771.7,7612
80,0,1,0,0,67.55,90.298,88.398,7707,7465.1,7522.2
20,0,1,0,0,67.553,434.44,412.7,7706.9,3873.1,6572.5
85,0,1,0,0,723.38,849.88,822.17,36365,35728,35814
20,0,0,0,1,483.53,483.53,483.53,4321.6,4321.6,4321.6
50,0,1,0,0,67.551,265.79,229.88,7707,5766.2,7557.3
10,1,0,0,0,547.62,73.789,51.679,3588.4,7463.4,8083.1
50,0,1,0,0,67.551,146.3,147.95,7707,6920.8,6993.7
65,1,0,0,0,1023.3,717.8,736.27,34756,36386,36301
70,0,0,0,1,93.151,93.151,93.151,7439,7438.9,7439
10,0,0,0,1,243.45,243.45,243.45,5949.4,5949.4,5949.4
60,0,0,1,0,67.479,110.18,115.88,7715.2,7271.6,7183.6
15,0,0,1,0,718.88,1395,1521,36381,34212,33666
60,0,0,1,0,66.801,206.01,216.72,7700,6481.8,6686.9
30,1,0,0,0,107.91,67.024,67.001,7269.2,7706.1,7733
85,0,1,0,0,723.38,930.56,822.24,36365,35256,35851
10,1,0,0,0,448.76,69.276,56.322,3755.1,7574.5,8009.1
90,0,0,0,1,77.996,77.996,77.996,7603,7603,7603
80,0,1,0,0,67.55,79.156,78.836,7707,7581.8,7601.7
70,0,1,0,0,67.55,187.43,161.8,7707,6478.3,7378.2
85,1,0,0,0,867.69,714.57,741.65,35574,36403,36268
70,0,0,0,1,174.98,174.98,174.98,6721.5,6721.4,6721.5
25,0,0,0,1,995.23,995.23,995.23,35444,35444,35444
75,0,0,0,1,773.11,773.13,773.12,36122,36121,36122
15,1,0,0,0,2524.1,698.9,726.74,27310,36499,36334
75,1,0,0,0,941.67,714.64,739.39,35184,36408,36275
70,0,0,1,0,66.81,205.83,199.61,7695.6,6726,7245.4
35,0,0,0,1,860.31,860.32,860.32,35852,35853,35851
80,0,0,1,0,68.74,142.69,147.63,7694.1,7021.8,7043
70,1,0,0,0,92.398,67.349,68.165,7442.9,7704,7711.1
70,0,1,0,0,67.55,96.188,96.926,7707,7406.3,7435.4
55,0,0,0,1,811.21,811.21,811.21,35980,35980,35979
70,0,0,0,1,87.092,87.092,87.092,7501.8,7501.7,7501.8
35,0,1,0,0,723.42,1575.7,1602.1,36365,32835,31793
50,0,1,0,0,67.551,108.96,115.29,7707,7296.7,7243.2
35,0,1,0,0,723.42,1744.1,1642.7,36365,31423,32069
45,0,0,1,0,725.22,799.96,807.36,36354,36051,36019
20,0,0,1,0,65.641,124.52,130.09,7747,7126,7037.1
40,1,0,0,0,102.43,67.172,67.233,7328,7704.7,7727.6
85,0,0,1,0,725.78,747.96,748.48,36352,36240,36235
85,0,0,1,0,726.47,755.49,756.36,36348,36202,36193
20,0,0,0,1,337.5,337.5,337.5,4892.3,4892.3,4892.3
80,0,1,0,0,67.55,191.31,151.57,7707,6580.2,7802.2
15,0,1,0,0,723.37,765.48,972.05,36364,36640,35235
60,0,1,0,0,67.551,235.58,197.56,7707.1,6107.1,7681.3
90,0,0,0,1,148.62,148.62,148.62,7111.5,7111.4,7111.5
65,0,0,0,1,915.54,915.52,915.53,35426,35428,35420
70,0,0,1,0,66.782,206.99,199.77,7695.4,6735.7,7274.7
55,1,0,0,0,1161.5,714.2,735.44,34019,36407,36299
25,0,0,1,0,722.04,1237,1364,36367,34461,33787
35,1,0,0,0,864.18,722.34,726.16,35817,36371,36348
55,1,0,0,0,856.59,724.04,726.77,35755,36358,36348
75,0,0,1,0,725.91,758.54,760.73,36352,36198,36178
70,0,1,0,0,67.55,163,147.1,7707,6706.9,7244.5
15,0,0,1,0,723.04,918.25,928.79,36363,35786,35771
25,1,0,0,0,1991.4,707.89,725.45,29624,36450,36344
75,0,0,0,1,1030.6,1030.7,1030.7,34716,34713,34720
45,0,0,1,0,724.22,1395.1,1450.9,36355,32955,32487
40,0,0,0,1,331.92,331.92,331.92,5937.2,5936.8,5937.2
65,0,1,0,0,723.34,776.54,824.79,36365,36171,35839
10,0,1,0,0,67.554,416.3,420.99,7706.9,4733.8,4948.4
20,0,0,1,0,62.477,301.99,348.15,7777.1,5331.3,4759.4
90,0,1,0,0,67.549,84.915,80.28,7707,7523.5,7604.1
10,0,0,0,1,384.18,384.18,384.18,4426.5,4426.5,4426.5
60,0,0,1,0,66.643,231.61,227.35,7692.4,6509,7101.4
40,0,0,1,0,66.05,301.89,310.33,7693.4,5808.3,6467.3
30,0,0,1,0,66.478,105.59,109.1,7731.1,7313.1,7253.4
70,0,0,1,0,67.866,86.464,87.236,7707.9,7512.4,7492.8
10,0,0,1,0,65.633,116.59,119.17,7747.4,7209.5,7162.3
15,0,0,0,1,2332.6,2332.6,2332.6,29820,29819,29820
30,0,1,0,0,67.552,174.1,183.64,7707,6743.1,6603.2
30,0,0,1,0,64.802,186.51,212.08,7753.3,6496.7,6140.6
45,0,0,0,1,1076,1076,1076,34796,34797,34795
90,0,0,1,0,68.751,80.905,80.031,7696.3,7575.6,7581.6
25,1,0,0,0,1725.4,709.92,731.01,31475,36434,36318
10,0,0,0,1,617.54,617.54,617.54,2761.1,2761.1,2761.1
10,0,0,1,0,59.078,356.12,397.42,7848.4,4786,4130.3
30,1,0,0,0,315.86,71.055,60.963,6033.1,7551.7,7860.6
80,1,0,0,0,93.667,67.254,68.97,7438.1,7705,7702
55,0,0,1,0,725.4,1293.7,1257.5,36348,33330,33574
30,0,1,0,0,67.552,356.7,329.07,7707,4712.7,7027
60,0,0,0,1,247.99,247.99,247.99,6663.3,6663.3,6663.3
45,0,0,1,0,722.66,1510.1,1472.7,36363,32192,32480
75,1,0,0,0,769.93,724.7,725.35,36137,36358,36353
50,0,1,0,0,67.551,264.53,229.42,7707,5766,7522.7
45,0,0,1,0,726.28,882.53,913.12,36348,35701,35549
20,1,0,0,0,311.32,68.276,61.069,5198.2,7618.1,7889.4
75,0,1,0,0,723.43,962.45,914.38,36365,35168,35341
45,0,1,0,0,723.35,1463.2,1357.8,36366,32696,33346
40,1,0,0,0,259.05,69.441,63.619,6496.2,7592.6,7809.2
60,1,0,0,0,112.48,67.169,67.888,7229.9,7699.9,7723.7
80,0,0,1,0,68.587,94.227,95.002,7700.3,7439.8,7419.9
65,0,0,0,1,1123.9,1123.9,1123.9,34231,34234,34222
25,0,1,0,0,723.39,1917.8,1985.3,36365,31926,29774
35,0,1,0,0,723.42,811.43,969.39,36365,36308,35155
15,0,0,1,0,699.71,3127.6,3129,36484,23781,23911
90,0,1,0,0,67.549,98.878,89.821,7707,7378.6,7550.3
50,1,0,0,0,212.04,67.565,66.007,6599.9,7639.5,7775.4
30,0,1,0,0,67.552,92.625,104.09,7707,7469.7,7330.8
60,0,0,1,0,67.548,90.953,92.62,7712.9,7464.6,7431.6
50,0,0,1,0,67.112,103.92,108.14,7720.6,7331.3,7261.7
55,0,0,1,0,727.1,846.31,868.31,36344,35820,35701
50,0,0,1,0,66.455,262.83,263.1,7690.8,6214.8,6859.8
45,1,0,0,0,1304,715.05,733.45,33286,36401,36313
85,0,0,0,1,923.89,923.9,923.9,35282,35281,35281
35,0,0,1,0,724.73,1117.1,1222.7,36355,34765,34149
10,0,0,1,0,58.321,441.52,491.75,7846.4,3910.9,3226.9
90,0,0,1,0,70.937,142.79,139.74,7675.3,7099.8,7261.4
45,1,0,0,0,1241.5,717.24,732.85,33691,36389,36317
20,0,0,0,1,154.27,154.27,154.27,6821.6,6821.6,6821.6
15,0,1,0,0,723.37,739.66,907,36364,36599,35531
65,0,1,0,0,723.34,978.55,990.68,36365,35209,34925
10,0,0,0,1,609.48,609.48,609.48,2734.7,2734.7,2734.7
50,1,0,0,0,97.023,67.279,67.487,7387,7704.2,7721.7
40,1,0,0,0,259.52,69.491,63.599,6516.1,7591.5,7808.7
20,1,0,0,0,219.62,66.624,64.247,6078.7,7680.4,7817.1
50,0,0,1,0,66.447,261.41,262.84,7691.5,6204.5,6824.9
35,1,0,0,0,1585.9,711.2,730.04,31774,36434,36317
50,1,0,0,0,122.56,67.123,67.344,7118.2,7698,7734.9
35,1,0,0,0,1586.8,711.16,729.92,31771,36435,36318
20,0,1,0,0,67.553,188.56,203.4,7706.9,6707.2,6367.4
90,0,0,1,0,68.488,77.834,77.112,7698.7,7605.4,7610.2
50,0,1,0,0,67.551,205.57,193.6,7707,6269.3,6891.7
25,0,0,0,1,2427.9,2427.9,2427.9,27314,27313,27312
10,1,0,0,0,243.44,65.734,63.742,5856.7,7695.4,7836.4
20,0,0,1,0,64.901,149.38,160.04,7759.9,6878.1,6717.7
30,0,1,0,0,67.552,122.35,135.47,7707,7218.5,7021.4
10,0,1,0,0,67.554,135.28,156.9,7706.9,7210.2,6778.3
15,0,0,1,0,704.4,2616.3,2872.9,36456,27815,25353
25,0,0,1,0,724.03,883.95,899.6,36359,35816,35762
40,0,1,0,0,67.55,159.92,165.1,7707.4,6820.4,6812.3
50,0,1,0,0,67.551,87.198,93.429,7707,7504.8,7447.1
75,0,1,0,0,723.43,814.22,837.26,36365,35966,35748
60,0,1,0,0,67.551,90.525,94.568,7707.1,7467.9,7443.3
65,0,0,0,1,1165.2,1165.2,1165.2,34006,34010,33996
15,1,0,0,0,2168.7,701.56,731.58,29900,36480,36311
80,0,1,0,0,67.55,82.962,82.205,7707,7541.8,7572.5
60,1,0,0,0,186.15,66.413,67.832,6835.6,7663.7,7745.7
25,0,1,0,0,723.39,825.31,1032.6,36365,36447,34889
45,1,0,0,0,804.29,723.52,725.17,36029,36361,36358
10,0,1,0,0,67.554,110.15,129.8,7706.9,7376.2,7056.9
85,1,0,0,0,754.18,724.53,725.38,36207,36357,36355
30,0,0,0,1,394.33,394.33,394.33,5284.7,5284.5,5284.6
75,0,0,1,0,729.89,842.3,858.09,36329,35775,35664
15,0,0,0,1,1051.7,1051.7,1051.7,35425,35424,35426
25,1,0,0,0,1896.8,708,729.11,30263,36446,36326
70,0,0,0,1,218.69,218.69,218.69,6867.7,6867.7,6867.7
50,1,0,0,0,157.86,67.044,67.004,6775.1,7683.1,7753.6
35,0,1,0,0,723.42,763.53,888.21,36365,36391,35566
90,1,0,0,0,117.96,65.19,74.09,7292.6,7723.5,7653.2
65,0,0,1,0,728.69,1078.8,1090.9,36331,34499,34395
80,0,0,1,0,68.936,112.62,115.6,7696.6,7267,7228.5
65,0,1,0,0,723.34,1127.8,1014.5,36365,34268,34941
85,1,0,0,0,798.99,724.55,729.42,35966,36355,36336
85,0,1,0,0,723.38,932.56,820.57,36365,35244,35863
60,0,0,1,0,67.294,138.2,151.18,7714.3,6998.9,6838
10,0,0,0,1,133.42,133.42,133.42,7048,7048,7048
70,1,0,0,0,126.1,66.712,69.041,7120.7,7698.3,7715.7
80,1,0,0,0,147.93,63.82,72.505,7143.1,7715.3,7682.4
40,0,0,0,1,330.44,330.44,330.44,5906.3,5906,5906.3
30,1,0,0,0,120.73,66.929,66.785,7132.9,7704.1,7741.5
10,0,0,1,0,64.046,161.61,169.59,7777.9,6771.8,6648
65,0,0,1,0,729.46,1011.3,1048.1,36328,34897,34641
10,0,1,0,0,67.554,541.13,530.55,7706.9,3073.4,5629.2
55,1,0,0,0,967.31,722.79,729.83,35178,36363,36333
70,0,0,1,0,68.018,102.05,105.2,7707.7,7357.1,7304
65,0,0,1,0,729.26,890.22,923.07,36331,35556,35364
60,0,1,0,0,67.551,133.31,132.07,7707.1,7032.7,7152.5
35,0,0,1,0,722.28,1453.2,1599.5,36366,33007,31871
85,0,0,0,1,749.49,749.49,749.49,36231,36231,36231
45,1,0,0,0,1053.8,721.21,729.84,34813,36369,36334
15,1,0,0,0,927.44,719.11,727.47,35753,36385,36343
25,0,0,1,0,723.79,978.25,1018.1,36359,35482,35322
65,0,0,0,1,773.44,773.43,773.43,36133,36134,36133
75,1,0,0,0,758.45,724.5,724.81,36194,36360,36356
40,0,1,0,0,67.55,230.72,222.32,7707.4,6034.1,6632.8
30,0,1,0,0,67.552,308.34,294.65,7707,5216.5,6433.4
10,1,0,0,0,166.79,66.003,65.667,6671.5,7710.5,7777.3
50,1,0,0,0,220.49,67.96,65.687,6810.4,7625.6,7772.3
70,1,0,0,0,154.6,65.725,69.714,6965.2,7691.7,7717.6
55,1,0,0,0,1161.6,714.07,735.43,34019,36408,36299
40,0,0,0,1,112.84,112.84,112.84,7231.3,7230.9,7231.2
40,0,0,0,1,101.8,101.8,101.8,7346,7345.6,7345.9
90,1,0,0,0,76.927,67.518,68.541,7612.7,7706.3,7699.3
45,0,1,0,0,723.35,798.53,913.67,36366,36229,35407
25,1,0,0,0,843.63,721.59,725.92,35948,36372,36351
10,1,0,0,0,369.69,67.098,59.57,4481.1,7636.3,7942.2
65,0,0,1,0,727.6,816.07,829.84,36341,35927,35858
85,0,1,0,0,723.38,758.27,763.35,36365,36200,36145
60,0,0,1,0,66.65,230.41,227.21,7692.8,6498.7,7070.1
15,0,1,0,0,723.37,1144.2,1469,36364,36390,32802
30,0,0,0,1,143.85,143.85,143.85,6914.3,6914.2,6914.3
90,1,0,0,0,97.368,66.88,71.075,7425.9,7710.1,7678.8
70,0,1,0,0,67.55,81.772,83.501,7707,7554.2,7552.9
80,0,0,1,0,67.209,186.96,177.92,7697.8,6917.5,7402
40,0,1,0,0,67.55,89.932,98.678,7707.4,7484.9,7390.3
45,0,1,0,0,723.35,746.09,820.26,36366,36355,35887
55,1,0,0,0,1142.2,716.68,734.99,34131,36394,36303
60,1,0,0,0,174.4,66.521,67.971,6779.9,7673,7744.5
75,0,0,0,1,857.21,857.23,857.22,35686,35684,35688
55,0,0,1,0,726.76,1214.4,1244.8,36341,33832,33575
65,0,1,0,0,723.34,1124.8,1016.3,36365,34290,34923
15,0,0,0,1,2892.5,2892.5,2892.5,25960,25959,25960
70,0,1,0,0,67.55,210.75,172.05,7707,6368.5,7738.9
25,0,1,0,0,723.39,1060.4,1310.5,36365,35994,33433
70,1,0,0,0,171.63,64.563,69.755,7185.7,7686.6,7713.8
35,1,0,0,0,823.3,722.69,725.49,35981,36369,36352
80,1,0,0,0,85.916,67.406,68.521,7515.5,7705.3,7703.8
85,0,0,0,1,757.62,757.62,757.62,36189,36189,36189
30,0,1,0,0,67.552,359.16,330.63,7707,4696.4,7077.2
85,0,1,0,0,723.38,889.27,831.72,36365,35505,35769
70,0,0,1,0,67.274,183.04,189.28,7698.7,6710.6,6903.5
60,0,0,0,1,91.875,91.874,91.874,7449.7,7449.7,7449.7
30,1,0,0,0,292.54,69.497,61.869,5761,7589.7,7857.4
15,0,0,0,1,859.5,859.5,859.5,35970,35969,35971
50,0,0,1,0,66.592,152.46,170.32,7723.5,6849.1,6622
20,0,0,0,1,111.97,111.97,111.97,7248.6,7248.6,7248.6
70,0,0,0,1,131.91,131.91,131.91,7053,7052.9,7053
45,0,0,0,1,1575.4,1575.4,1575.4,31833,31834,31828
45,0,0,0,1,834.35,834.34,834.35,35911,35911,35912
45,0,0,0,1,1577.4,1577.4,1577.4,31826,31827,31822
70,0,0,0,1,104.45,104.45,104.45,7323.1,7323,7323
55,0,0,0,1,1339.7,1339.7,1339.7,33081,33082,33076
40,1,0,0,0,133.14,67.025,66.819,7001.8,7697.2,7746.5
85,1,0,0,0,859.93,719.18,738.31,35617,36379,36288
